filename,kappa,c,logL,detector,duration,sample_rate,filepath
G-G1_GWOSC_O3GK_16KHZ_R1-1270321152-4096.hdf5,0.0,0.0,-576089.8348694122,G1,4096,16384.0,data\G-G1_GWOSC_O3GK_16KHZ_R1-1270321152-4096.hdf5
G-G1_GWOSC_O3GK_16KHZ_R1-1270321152-4096.hdf5,0.0,0.75,-576089.8348694122,G1,4096,16384.0,data\G-G1_GWOSC_O3GK_16KHZ_R1-1270321152-4096.hdf5
G-G1_GWOSC_O3GK_16KHZ_R1-1270321152-4096.hdf5,1.0,0.0,-127971.91366813867,G1,4096,16384.0,data\G-G1_GWOSC_O3GK_16KHZ_R1-1270321152-4096.hdf5
G-G1_GWOSC_O3GK_16KHZ_R1-1270321152-4096.hdf5,1.0,0.75,-127408.33792670692,G1,4096,16384.0,data\G-G1_GWOSC_O3GK_16KHZ_R1-1270321152-4096.hdf5
G-G1_GWOSC_O3GK_16KHZ_R1-1270325248-4096.hdf5,0.0,0.0,-576089.8520674349,G1,4096,16384.0,data\G-G1_GWOSC_O3GK_16KHZ_R1-1270325248-4096.hdf5
G-G1_GWOSC_O3GK_16KHZ_R1-1270325248-4096.hdf5,0.0,0.75,-576089.8520674349,G1,4096,16384.0,data\G-G1_GWOSC_O3GK_16KHZ_R1-1270325248-4096.hdf5
G-G1_GWOSC_O3GK_16KHZ_R1-1270325248-4096.hdf5,1.0,0.0,-127971.91180047215,G1,4096,16384.0,data\G-G1_GWOSC_O3GK_16KHZ_R1-1270325248-4096.hdf5
G-G1_GWOSC_O3GK_16KHZ_R1-1270325248-4096.hdf5,1.0,0.75,-127408.33632165389,G1,4096,16384.0,data\G-G1_GWOSC_O3GK_16KHZ_R1-1270325248-4096.hdf5
G-G1_GWOSC_O3GK_16KHZ_R1-1270329344-4096.hdf5,0.0,0.0,-576089.8443196894,G1,4096,16384.0,data\G-G1_GWOSC_O3GK_16KHZ_R1-1270329344-4096.hdf5
G-G1_GWOSC_O3GK_16KHZ_R1-1270329344-4096.hdf5,0.0,0.75,-576089.8443196894,G1,4096,16384.0,data\G-G1_GWOSC_O3GK_16KHZ_R1-1270329344-4096.hdf5
G-G1_GWOSC_O3GK_16KHZ_R1-1270329344-4096.hdf5,1.0,0.0,-127971.91264185894,G1,4096,16384.0,data\G-G1_GWOSC_O3GK_16KHZ_R1-1270329344-4096.hdf5
G-G1_GWOSC_O3GK_16KHZ_R1-1270329344-4096.hdf5,1.0,0.75,-127408.3370447323,G1,4096,16384.0,data\G-G1_GWOSC_O3GK_16KHZ_R1-1270329344-4096.hdf5
G-G1_GWOSC_O3GK_16KHZ_R1-1270333440-4096.hdf5,0.0,0.0,-576089.8401251662,G1,4096,16384.0,data\G-G1_GWOSC_O3GK_16KHZ_R1-1270333440-4096.hdf5
G-G1_GWOSC_O3GK_16KHZ_R1-1270333440-4096.hdf5,0.0,0.75,-576089.8401251662,G1,4096,16384.0,data\G-G1_GWOSC_O3GK_16KHZ_R1-1270333440-4096.hdf5
G-G1_GWOSC_O3GK_16KHZ_R1-1270333440-4096.hdf5,1.0,0.0,-127971.91309737269,G1,4096,16384.0,data\G-G1_GWOSC_O3GK_16KHZ_R1-1270333440-4096.hdf5
G-G1_GWOSC_O3GK_16KHZ_R1-1270333440-4096.hdf5,1.0,0.75,-127408.3374361948,G1,4096,16384.0,data\G-G1_GWOSC_O3GK_16KHZ_R1-1270333440-4096.hdf5
G-G1_GWOSC_O3GK_4KHZ_R1-1270321152-4096.hdf5,0.0,0.0,-576166.2635304583,G1,4096,4096.0,data\G-G1_GWOSC_O3GK_4KHZ_R1-1270321152-4096.hdf5
G-G1_GWOSC_O3GK_4KHZ_R1-1270321152-4096.hdf5,0.0,0.75,-576166.2635304583,G1,4096,4096.0,data\G-G1_GWOSC_O3GK_4KHZ_R1-1270321152-4096.hdf5
G-G1_GWOSC_O3GK_4KHZ_R1-1270321152-4096.hdf5,1.0,0.0,-127963.61655137644,G1,4096,4096.0,data\G-G1_GWOSC_O3GK_4KHZ_R1-1270321152-4096.hdf5
G-G1_GWOSC_O3GK_4KHZ_R1-1270321152-4096.hdf5,1.0,0.75,-127401.20784289308,G1,4096,4096.0,data\G-G1_GWOSC_O3GK_4KHZ_R1-1270321152-4096.hdf5
G-G1_GWOSC_O3GK_4KHZ_R1-1270325248-4096.hdf5,0.0,0.0,-576285.8872999041,G1,4096,4096.0,data\G-G1_GWOSC_O3GK_4KHZ_R1-1270325248-4096.hdf5
G-G1_GWOSC_O3GK_4KHZ_R1-1270325248-4096.hdf5,0.0,0.75,-576285.8872999041,G1,4096,4096.0,data\G-G1_GWOSC_O3GK_4KHZ_R1-1270325248-4096.hdf5
G-G1_GWOSC_O3GK_4KHZ_R1-1270325248-4096.hdf5,1.0,0.0,-127950.64158888377,G1,4096,4096.0,data\G-G1_GWOSC_O3GK_4KHZ_R1-1270325248-4096.hdf5
G-G1_GWOSC_O3GK_4KHZ_R1-1270325248-4096.hdf5,1.0,0.75,-127390.05932676177,G1,4096,4096.0,data\G-G1_GWOSC_O3GK_4KHZ_R1-1270325248-4096.hdf5
G-G1_GWOSC_O3GK_4KHZ_R1-1270329344-4096.hdf5,0.0,0.0,-576215.7177526691,G1,4096,4096.0,data\G-G1_GWOSC_O3GK_4KHZ_R1-1270329344-4096.hdf5
G-G1_GWOSC_O3GK_4KHZ_R1-1270329344-4096.hdf5,0.0,0.75,-576215.7177526691,G1,4096,4096.0,data\G-G1_GWOSC_O3GK_4KHZ_R1-1270329344-4096.hdf5
G-G1_GWOSC_O3GK_4KHZ_R1-1270329344-4096.hdf5,1.0,0.0,-127958.25082142082,G1,4096,4096.0,data\G-G1_GWOSC_O3GK_4KHZ_R1-1270329344-4096.hdf5
G-G1_GWOSC_O3GK_4KHZ_R1-1270329344-4096.hdf5,1.0,0.75,-127396.59721595164,G1,4096,4096.0,data\G-G1_GWOSC_O3GK_4KHZ_R1-1270329344-4096.hdf5
G-G1_GWOSC_O3GK_4KHZ_R1-1270333440-4096.hdf5,0.0,0.0,-576244.4014805884,G1,4096,4096.0,data\G-G1_GWOSC_O3GK_4KHZ_R1-1270333440-4096.hdf5
G-G1_GWOSC_O3GK_4KHZ_R1-1270333440-4096.hdf5,0.0,0.75,-576244.4014805884,G1,4096,4096.0,data\G-G1_GWOSC_O3GK_4KHZ_R1-1270333440-4096.hdf5
G-G1_GWOSC_O3GK_4KHZ_R1-1270333440-4096.hdf5,1.0,0.0,-127955.13975947651,G1,4096,4096.0,data\G-G1_GWOSC_O3GK_4KHZ_R1-1270333440-4096.hdf5
G-G1_GWOSC_O3GK_4KHZ_R1-1270333440-4096.hdf5,1.0,0.75,-127393.9241029787,G1,4096,4096.0,data\G-G1_GWOSC_O3GK_4KHZ_R1-1270333440-4096.hdf5
H-H1_GWOSC_16KHZ_R1-1126259447-32.hdf5,0.0,0.0,-576208.0915501565,H1,32,16384.0,data\H-H1_GWOSC_16KHZ_R1-1126259447-32.hdf5
H-H1_GWOSC_16KHZ_R1-1126259447-32.hdf5,0.0,0.75,-576208.0915501565,H1,32,16384.0,data\H-H1_GWOSC_16KHZ_R1-1126259447-32.hdf5
H-H1_GWOSC_16KHZ_R1-1126259447-32.hdf5,1.0,0.0,-127949.64978466004,H1,32,16384.0,data\H-H1_GWOSC_16KHZ_R1-1126259447-32.hdf5
H-H1_GWOSC_16KHZ_R1-1126259447-32.hdf5,1.0,0.75,-127385.66557526024,H1,32,16384.0,data\H-H1_GWOSC_16KHZ_R1-1126259447-32.hdf5
H-H1_GWOSC_16KHZ_R1-1128678885-32.hdf5,0.0,0.0,-576234.0899759885,H1,32,16384.0,data\H-H1_GWOSC_16KHZ_R1-1128678885-32.hdf5
H-H1_GWOSC_16KHZ_R1-1128678885-32.hdf5,0.0,0.75,-576234.0899759885,H1,32,16384.0,data\H-H1_GWOSC_16KHZ_R1-1128678885-32.hdf5
H-H1_GWOSC_16KHZ_R1-1128678885-32.hdf5,1.0,0.0,-127944.33181784634,H1,32,16384.0,data\H-H1_GWOSC_16KHZ_R1-1128678885-32.hdf5
H-H1_GWOSC_16KHZ_R1-1128678885-32.hdf5,1.0,0.75,-127380.068497662,H1,32,16384.0,data\H-H1_GWOSC_16KHZ_R1-1128678885-32.hdf5
H-H1_GWOSC_16KHZ_R1-1135136335-32.hdf5,0.0,0.0,-576370.9583512417,H1,32,16384.0,data\H-H1_GWOSC_16KHZ_R1-1135136335-32.hdf5
H-H1_GWOSC_16KHZ_R1-1135136335-32.hdf5,0.0,0.75,-576370.9583512417,H1,32,16384.0,data\H-H1_GWOSC_16KHZ_R1-1135136335-32.hdf5
H-H1_GWOSC_16KHZ_R1-1135136335-32.hdf5,1.0,0.0,-127919.40245543116,H1,32,16384.0,data\H-H1_GWOSC_16KHZ_R1-1135136335-32.hdf5
H-H1_GWOSC_16KHZ_R1-1135136335-32.hdf5,1.0,0.75,-127354.55296882188,H1,32,16384.0,data\H-H1_GWOSC_16KHZ_R1-1135136335-32.hdf5
H-H1_GWOSC_16KHZ_R1-1167557889-4096.hdf5,0.0,0.0,-576113.4109272953,H1,4096,16384.0,data\H-H1_GWOSC_16KHZ_R1-1167557889-4096.hdf5
H-H1_GWOSC_16KHZ_R1-1167557889-4096.hdf5,0.0,0.75,-576113.4109272953,H1,4096,16384.0,data\H-H1_GWOSC_16KHZ_R1-1167557889-4096.hdf5
H-H1_GWOSC_16KHZ_R1-1167557889-4096.hdf5,1.0,0.0,-127967.11080712324,H1,4096,16384.0,data\H-H1_GWOSC_16KHZ_R1-1167557889-4096.hdf5
H-H1_GWOSC_16KHZ_R1-1167557889-4096.hdf5,1.0,0.75,-127403.40014757092,H1,4096,16384.0,data\H-H1_GWOSC_16KHZ_R1-1167557889-4096.hdf5
H-H1_GWOSC_16KHZ_R1-1167559921-32.hdf5,0.0,0.0,-576229.2224263981,H1,32,16384.0,data\H-H1_GWOSC_16KHZ_R1-1167559921-32.hdf5
H-H1_GWOSC_16KHZ_R1-1167559921-32.hdf5,0.0,0.75,-576229.2224263981,H1,32,16384.0,data\H-H1_GWOSC_16KHZ_R1-1167559921-32.hdf5
H-H1_GWOSC_16KHZ_R1-1167559921-32.hdf5,1.0,0.0,-127944.56587793076,H1,32,16384.0,data\H-H1_GWOSC_16KHZ_R1-1167559921-32.hdf5
H-H1_GWOSC_16KHZ_R1-1167559921-32.hdf5,1.0,0.75,-127380.21355929828,H1,32,16384.0,data\H-H1_GWOSC_16KHZ_R1-1167559921-32.hdf5
H-H1_GWOSC_16KHZ_R1-1187527209-4096.hdf5,0.0,0.0,-576097.9971532541,H1,4096,16384.0,data\H-H1_GWOSC_16KHZ_R1-1187527209-4096.hdf5
H-H1_GWOSC_16KHZ_R1-1187527209-4096.hdf5,0.0,0.75,-576097.9971532541,H1,4096,16384.0,data\H-H1_GWOSC_16KHZ_R1-1187527209-4096.hdf5
H-H1_GWOSC_16KHZ_R1-1187527209-4096.hdf5,1.0,0.0,-127970.19021738692,H1,4096,16384.0,data\H-H1_GWOSC_16KHZ_R1-1187527209-4096.hdf5
H-H1_GWOSC_16KHZ_R1-1187527209-4096.hdf5,1.0,0.75,-127406.57342478032,H1,4096,16384.0,data\H-H1_GWOSC_16KHZ_R1-1187527209-4096.hdf5
H-H1_GWOSC_16KHZ_R1-1187529241-32.hdf5,0.0,0.0,-576160.3283751635,H1,32,16384.0,data\H-H1_GWOSC_16KHZ_R1-1187529241-32.hdf5
H-H1_GWOSC_16KHZ_R1-1187529241-32.hdf5,0.0,0.75,-576160.3283751635,H1,32,16384.0,data\H-H1_GWOSC_16KHZ_R1-1187529241-32.hdf5
H-H1_GWOSC_16KHZ_R1-1187529241-32.hdf5,1.0,0.0,-127957.05598340898,H1,32,16384.0,data\H-H1_GWOSC_16KHZ_R1-1187529241-32.hdf5
H-H1_GWOSC_16KHZ_R1-1187529241-32.hdf5,1.0,0.75,-127393.14473789968,H1,32,16384.0,data\H-H1_GWOSC_16KHZ_R1-1187529241-32.hdf5
H-H1_GWOSC_16KHZ_R1-1242984058-32.hdf5,0.0,0.0,-576166.8261606133,H1,32,16384.0,data\H-H1_GWOSC_16KHZ_R1-1242984058-32.hdf5
H-H1_GWOSC_16KHZ_R1-1242984058-32.hdf5,0.0,0.75,-576166.8261606133,H1,32,16384.0,data\H-H1_GWOSC_16KHZ_R1-1242984058-32.hdf5
H-H1_GWOSC_16KHZ_R1-1242984058-32.hdf5,1.0,0.0,-127959.4512629437,H1,32,16384.0,data\H-H1_GWOSC_16KHZ_R1-1242984058-32.hdf5
H-H1_GWOSC_16KHZ_R1-1242984058-32.hdf5,1.0,0.75,-127396.13957139615,H1,32,16384.0,data\H-H1_GWOSC_16KHZ_R1-1242984058-32.hdf5
H-H1_GWOSC_16KHZ_R1-1249852241-32.hdf5,0.0,0.0,-576155.7846339996,H1,32,16384.0,data\H-H1_GWOSC_16KHZ_R1-1249852241-32.hdf5
H-H1_GWOSC_16KHZ_R1-1249852241-32.hdf5,0.0,0.75,-576155.7846339996,H1,32,16384.0,data\H-H1_GWOSC_16KHZ_R1-1249852241-32.hdf5
H-H1_GWOSC_16KHZ_R1-1249852241-32.hdf5,1.0,0.0,-127960.71620960254,H1,32,16384.0,data\H-H1_GWOSC_16KHZ_R1-1249852241-32.hdf5
H-H1_GWOSC_16KHZ_R1-1249852241-32.hdf5,1.0,0.75,-127397.13804275148,H1,32,16384.0,data\H-H1_GWOSC_16KHZ_R1-1249852241-32.hdf5
H-H1_GWOSC_16KHZ_R1-1251009248-32.hdf5,0.0,0.0,-576160.5458433437,H1,32,16384.0,data\H-H1_GWOSC_16KHZ_R1-1251009248-32.hdf5
H-H1_GWOSC_16KHZ_R1-1251009248-32.hdf5,0.0,0.75,-576160.5458433437,H1,32,16384.0,data\H-H1_GWOSC_16KHZ_R1-1251009248-32.hdf5
H-H1_GWOSC_16KHZ_R1-1251009248-32.hdf5,1.0,0.0,-127960.93799614624,H1,32,16384.0,data\H-H1_GWOSC_16KHZ_R1-1251009248-32.hdf5
H-H1_GWOSC_16KHZ_R1-1251009248-32.hdf5,1.0,0.75,-127397.80843183036,H1,32,16384.0,data\H-H1_GWOSC_16KHZ_R1-1251009248-32.hdf5
H-H1_GWOSC_16KHZ_R1-1251010512-32.hdf5,0.0,0.0,-576183.2388822226,H1,32,16384.0,data\H-H1_GWOSC_16KHZ_R1-1251010512-32.hdf5
H-H1_GWOSC_16KHZ_R1-1251010512-32.hdf5,0.0,0.75,-576183.2388822226,H1,32,16384.0,data\H-H1_GWOSC_16KHZ_R1-1251010512-32.hdf5
H-H1_GWOSC_16KHZ_R1-1251010512-32.hdf5,1.0,0.0,-127957.41071305716,H1,32,16384.0,data\H-H1_GWOSC_16KHZ_R1-1251010512-32.hdf5
H-H1_GWOSC_16KHZ_R1-1251010512-32.hdf5,1.0,0.75,-127394.40137708526,H1,32,16384.0,data\H-H1_GWOSC_16KHZ_R1-1251010512-32.hdf5
H-H1_GWOSC_16KHZ_R1-1252627025-32.hdf5,0.0,0.0,-576188.6802105192,H1,32,16384.0,data\H-H1_GWOSC_16KHZ_R1-1252627025-32.hdf5
H-H1_GWOSC_16KHZ_R1-1252627025-32.hdf5,0.0,0.75,-576188.6802105192,H1,32,16384.0,data\H-H1_GWOSC_16KHZ_R1-1252627025-32.hdf5
H-H1_GWOSC_16KHZ_R1-1252627025-32.hdf5,1.0,0.0,-127957.341289785,H1,32,16384.0,data\H-H1_GWOSC_16KHZ_R1-1252627025-32.hdf5
H-H1_GWOSC_16KHZ_R1-1252627025-32.hdf5,1.0,0.75,-127394.67302146235,H1,32,16384.0,data\H-H1_GWOSC_16KHZ_R1-1252627025-32.hdf5
H-H1_GWOSC_16KHZ_R1-1252699621-32.hdf5,0.0,0.0,-576139.6228417448,H1,32,16384.0,data\H-H1_GWOSC_16KHZ_R1-1252699621-32.hdf5
H-H1_GWOSC_16KHZ_R1-1252699621-32.hdf5,0.0,0.75,-576139.6228417448,H1,32,16384.0,data\H-H1_GWOSC_16KHZ_R1-1252699621-32.hdf5
H-H1_GWOSC_16KHZ_R1-1252699621-32.hdf5,1.0,0.0,-127963.78765245428,H1,32,16384.0,data\H-H1_GWOSC_16KHZ_R1-1252699621-32.hdf5
H-H1_GWOSC_16KHZ_R1-1252699621-32.hdf5,1.0,0.75,-127400.34610698298,H1,32,16384.0,data\H-H1_GWOSC_16KHZ_R1-1252699621-32.hdf5
H-H1_GWOSC_16KHZ_R1-1253509418-32.hdf5,0.0,0.0,-576112.810527003,H1,32,16384.0,data\H-H1_GWOSC_16KHZ_R1-1253509418-32.hdf5
H-H1_GWOSC_16KHZ_R1-1253509418-32.hdf5,0.0,0.75,-576112.810527003,H1,32,16384.0,data\H-H1_GWOSC_16KHZ_R1-1253509418-32.hdf5
H-H1_GWOSC_16KHZ_R1-1253509418-32.hdf5,1.0,0.0,-127967.85455107252,H1,32,16384.0,data\H-H1_GWOSC_16KHZ_R1-1253509418-32.hdf5
H-H1_GWOSC_16KHZ_R1-1253509418-32.hdf5,1.0,0.75,-127404.21336621194,H1,32,16384.0,data\H-H1_GWOSC_16KHZ_R1-1253509418-32.hdf5
H-H1_GWOSC_16KHZ_R1-1253753280-4096.hdf5,0.0,0.0,-576110.4897711654,H1,4096,16384.0,data\H-H1_GWOSC_16KHZ_R1-1253753280-4096.hdf5
H-H1_GWOSC_16KHZ_R1-1253753280-4096.hdf5,0.0,0.75,-576110.4897711654,H1,4096,16384.0,data\H-H1_GWOSC_16KHZ_R1-1253753280-4096.hdf5
H-H1_GWOSC_16KHZ_R1-1253753280-4096.hdf5,1.0,0.0,-127968.08517403246,H1,4096,16384.0,data\H-H1_GWOSC_16KHZ_R1-1253753280-4096.hdf5
H-H1_GWOSC_16KHZ_R1-1253753280-4096.hdf5,1.0,0.75,-127404.38770900636,H1,4096,16384.0,data\H-H1_GWOSC_16KHZ_R1-1253753280-4096.hdf5
H-H1_GWOSC_16KHZ_R1-1260484255-32.hdf5,0.0,0.0,-576155.6456239298,H1,32,16384.0,data\H-H1_GWOSC_16KHZ_R1-1260484255-32.hdf5
H-H1_GWOSC_16KHZ_R1-1260484255-32.hdf5,0.0,0.75,-576155.6456239298,H1,32,16384.0,data\H-H1_GWOSC_16KHZ_R1-1260484255-32.hdf5
H-H1_GWOSC_16KHZ_R1-1260484255-32.hdf5,1.0,0.0,-127961.1397509648,H1,32,16384.0,data\H-H1_GWOSC_16KHZ_R1-1260484255-32.hdf5
H-H1_GWOSC_16KHZ_R1-1260484255-32.hdf5,1.0,0.75,-127397.6680030654,H1,32,16384.0,data\H-H1_GWOSC_16KHZ_R1-1260484255-32.hdf5
H-H1_GWOSC_16KHZ_R1-1263097392-32.hdf5,0.0,0.0,-576115.260902017,H1,32,16384.0,data\H-H1_GWOSC_16KHZ_R1-1263097392-32.hdf5
H-H1_GWOSC_16KHZ_R1-1263097392-32.hdf5,0.0,0.75,-576115.260902017,H1,32,16384.0,data\H-H1_GWOSC_16KHZ_R1-1263097392-32.hdf5
H-H1_GWOSC_16KHZ_R1-1263097392-32.hdf5,1.0,0.0,-127967.4266534923,H1,32,16384.0,data\H-H1_GWOSC_16KHZ_R1-1263097392-32.hdf5
H-H1_GWOSC_16KHZ_R1-1263097392-32.hdf5,1.0,0.75,-127403.69757943964,H1,32,16384.0,data\H-H1_GWOSC_16KHZ_R1-1263097392-32.hdf5
H-H1_GWOSC_16KHZ_R1-1266618157-32.hdf5,0.0,0.0,-576215.684739505,H1,32,16384.0,data\H-H1_GWOSC_16KHZ_R1-1266618157-32.hdf5
H-H1_GWOSC_16KHZ_R1-1266618157-32.hdf5,0.0,0.75,-576215.684739505,H1,32,16384.0,data\H-H1_GWOSC_16KHZ_R1-1266618157-32.hdf5
H-H1_GWOSC_16KHZ_R1-1266618157-32.hdf5,1.0,0.0,-127952.84356765382,H1,32,16384.0,data\H-H1_GWOSC_16KHZ_R1-1266618157-32.hdf5
H-H1_GWOSC_16KHZ_R1-1266618157-32.hdf5,1.0,0.75,-127390.11740647488,H1,32,16384.0,data\H-H1_GWOSC_16KHZ_R1-1266618157-32.hdf5
H-H1_GWOSC_16KHZ_R1-1266645864-32.hdf5,0.0,0.0,-576272.5616340355,H1,32,16384.0,data\H-H1_GWOSC_16KHZ_R1-1266645864-32.hdf5
H-H1_GWOSC_16KHZ_R1-1266645864-32.hdf5,0.0,0.75,-576272.5616340355,H1,32,16384.0,data\H-H1_GWOSC_16KHZ_R1-1266645864-32.hdf5
H-H1_GWOSC_16KHZ_R1-1266645864-32.hdf5,1.0,0.0,-127945.0885328567,H1,32,16384.0,data\H-H1_GWOSC_16KHZ_R1-1266645864-32.hdf5
H-H1_GWOSC_16KHZ_R1-1266645864-32.hdf5,1.0,0.75,-127383.12767020868,H1,32,16384.0,data\H-H1_GWOSC_16KHZ_R1-1266645864-32.hdf5
H-H1_GWOSC_16KHZ_R1-1267724172-32.hdf5,0.0,0.0,-576648.1944537977,H1,32,16384.0,data\H-H1_GWOSC_16KHZ_R1-1267724172-32.hdf5
H-H1_GWOSC_16KHZ_R1-1267724172-32.hdf5,0.0,0.75,-576648.1944537977,H1,32,16384.0,data\H-H1_GWOSC_16KHZ_R1-1267724172-32.hdf5
H-H1_GWOSC_16KHZ_R1-1267724172-32.hdf5,1.0,0.0,-127892.52324349464,H1,32,16384.0,data\H-H1_GWOSC_16KHZ_R1-1267724172-32.hdf5
H-H1_GWOSC_16KHZ_R1-1267724172-32.hdf5,1.0,0.75,-127335.2639411158,H1,32,16384.0,data\H-H1_GWOSC_16KHZ_R1-1267724172-32.hdf5
H-H1_GWOSC_16KHZ_R1-1267963136-32.hdf5,0.0,0.0,-576141.047738577,H1,32,16384.0,data\H-H1_GWOSC_16KHZ_R1-1267963136-32.hdf5
H-H1_GWOSC_16KHZ_R1-1267963136-32.hdf5,0.0,0.75,-576141.047738577,H1,32,16384.0,data\H-H1_GWOSC_16KHZ_R1-1267963136-32.hdf5
H-H1_GWOSC_16KHZ_R1-1267963136-32.hdf5,1.0,0.0,-127963.9010028221,H1,32,16384.0,data\H-H1_GWOSC_16KHZ_R1-1267963136-32.hdf5
H-H1_GWOSC_16KHZ_R1-1267963136-32.hdf5,1.0,0.75,-127400.51428230414,H1,32,16384.0,data\H-H1_GWOSC_16KHZ_R1-1267963136-32.hdf5
H-H1_GWOSC_16KHZ_R1-1268431079-32.hdf5,0.0,0.0,-576134.6588926915,H1,32,16384.0,data\H-H1_GWOSC_16KHZ_R1-1268431079-32.hdf5
H-H1_GWOSC_16KHZ_R1-1268431079-32.hdf5,0.0,0.75,-576134.6588926915,H1,32,16384.0,data\H-H1_GWOSC_16KHZ_R1-1268431079-32.hdf5
H-H1_GWOSC_16KHZ_R1-1268431079-32.hdf5,1.0,0.0,-127964.19876174378,H1,32,16384.0,data\H-H1_GWOSC_16KHZ_R1-1268431079-32.hdf5
H-H1_GWOSC_16KHZ_R1-1268431079-32.hdf5,1.0,0.75,-127400.40946291568,H1,32,16384.0,data\H-H1_GWOSC_16KHZ_R1-1268431079-32.hdf5
H-H1_GWOSC_4KHZ_R1-1126259447-32.hdf5,0.0,0.0,-576843.4651683277,H1,32,4096.0,data\H-H1_GWOSC_4KHZ_R1-1126259447-32.hdf5
H-H1_GWOSC_4KHZ_R1-1126259447-32.hdf5,0.0,0.75,-576843.4651683277,H1,32,4096.0,data\H-H1_GWOSC_4KHZ_R1-1126259447-32.hdf5
H-H1_GWOSC_4KHZ_R1-1126259447-32.hdf5,1.0,0.0,-127797.03624475698,H1,32,4096.0,data\H-H1_GWOSC_4KHZ_R1-1126259447-32.hdf5
H-H1_GWOSC_4KHZ_R1-1126259447-32.hdf5,1.0,0.75,-127229.93436082688,H1,32,4096.0,data\H-H1_GWOSC_4KHZ_R1-1126259447-32.hdf5
H-H1_GWOSC_4KHZ_R1-1167557889-4096.hdf5,0.0,0.0,-576109.5866828094,H1,4096,4096.0,data\H-H1_GWOSC_4KHZ_R1-1167557889-4096.hdf5
H-H1_GWOSC_4KHZ_R1-1167557889-4096.hdf5,0.0,0.75,-576109.5866828094,H1,4096,4096.0,data\H-H1_GWOSC_4KHZ_R1-1167557889-4096.hdf5
H-H1_GWOSC_4KHZ_R1-1167557889-4096.hdf5,1.0,0.0,-127969.66164897404,H1,4096,4096.0,data\H-H1_GWOSC_4KHZ_R1-1167557889-4096.hdf5
H-H1_GWOSC_4KHZ_R1-1167557889-4096.hdf5,1.0,0.75,-127406.36246766004,H1,4096,4096.0,data\H-H1_GWOSC_4KHZ_R1-1167557889-4096.hdf5
H-H1_GWOSC_4KHZ_R1-1167559921-32.hdf5,0.0,0.0,-576225.0096522261,H1,32,4096.0,data\H-H1_GWOSC_4KHZ_R1-1167559921-32.hdf5
H-H1_GWOSC_4KHZ_R1-1167559921-32.hdf5,0.0,0.75,-576225.0096522261,H1,32,4096.0,data\H-H1_GWOSC_4KHZ_R1-1167559921-32.hdf5
H-H1_GWOSC_4KHZ_R1-1167559921-32.hdf5,1.0,0.0,-127951.80331186448,H1,32,4096.0,data\H-H1_GWOSC_4KHZ_R1-1167559921-32.hdf5
H-H1_GWOSC_4KHZ_R1-1167559921-32.hdf5,1.0,0.75,-127389.85690568895,H1,32,4096.0,data\H-H1_GWOSC_4KHZ_R1-1167559921-32.hdf5
H-H1_GWOSC_4KHZ_R1-1187527209-4096.hdf5,0.0,0.0,-576093.7058996045,H1,4096,4096.0,data\H-H1_GWOSC_4KHZ_R1-1187527209-4096.hdf5
H-H1_GWOSC_4KHZ_R1-1187527209-4096.hdf5,0.0,0.75,-576093.7058996045,H1,4096,4096.0,data\H-H1_GWOSC_4KHZ_R1-1187527209-4096.hdf5
H-H1_GWOSC_4KHZ_R1-1187527209-4096.hdf5,1.0,0.0,-127971.43411634874,H1,4096,4096.0,data\H-H1_GWOSC_4KHZ_R1-1187527209-4096.hdf5
H-H1_GWOSC_4KHZ_R1-1187527209-4096.hdf5,1.0,0.75,-127407.90516802992,H1,4096,4096.0,data\H-H1_GWOSC_4KHZ_R1-1187527209-4096.hdf5
H-H1_GWOSC_4KHZ_R1-1187529241-32.hdf5,0.0,0.0,-577405.7646523974,H1,32,4096.0,data\H-H1_GWOSC_4KHZ_R1-1187529241-32.hdf5
H-H1_GWOSC_4KHZ_R1-1187529241-32.hdf5,0.0,0.75,-577405.7646523974,H1,32,4096.0,data\H-H1_GWOSC_4KHZ_R1-1187529241-32.hdf5
H-H1_GWOSC_4KHZ_R1-1187529241-32.hdf5,1.0,0.0,-127170.0520156772,H1,32,4096.0,data\H-H1_GWOSC_4KHZ_R1-1187529241-32.hdf5
H-H1_GWOSC_4KHZ_R1-1187529241-32.hdf5,1.0,0.75,-126598.03899410756,H1,32,4096.0,data\H-H1_GWOSC_4KHZ_R1-1187529241-32.hdf5
H-H1_GWOSC_4KHZ_R1-1253509418-32.hdf5,0.0,0.0,-576195.8477358456,H1,32,4096.0,data\H-H1_GWOSC_4KHZ_R1-1253509418-32.hdf5
H-H1_GWOSC_4KHZ_R1-1253509418-32.hdf5,0.0,0.75,-576195.8477358456,H1,32,4096.0,data\H-H1_GWOSC_4KHZ_R1-1253509418-32.hdf5
H-H1_GWOSC_4KHZ_R1-1253509418-32.hdf5,1.0,0.0,-127929.7434389259,H1,32,4096.0,data\H-H1_GWOSC_4KHZ_R1-1253509418-32.hdf5
H-H1_GWOSC_4KHZ_R1-1253509418-32.hdf5,1.0,0.75,-127366.18101140288,H1,32,4096.0,data\H-H1_GWOSC_4KHZ_R1-1253509418-32.hdf5
H-H1_GWOSC_4KHZ_R1-1260484255-32.hdf5,0.0,0.0,-576162.0289152388,H1,32,4096.0,data\H-H1_GWOSC_4KHZ_R1-1260484255-32.hdf5
H-H1_GWOSC_4KHZ_R1-1260484255-32.hdf5,0.0,0.75,-576162.0289152388,H1,32,4096.0,data\H-H1_GWOSC_4KHZ_R1-1260484255-32.hdf5
H-H1_GWOSC_4KHZ_R1-1260484255-32.hdf5,1.0,0.0,-127962.87047496504,H1,32,4096.0,data\H-H1_GWOSC_4KHZ_R1-1260484255-32.hdf5
H-H1_GWOSC_4KHZ_R1-1260484255-32.hdf5,1.0,0.75,-127399.80858155616,H1,32,4096.0,data\H-H1_GWOSC_4KHZ_R1-1260484255-32.hdf5
H-H1_GWOSC_O2_16KHZ_R1-1185681408-4096.hdf5,0.0,0.0,-576104.4455593609,H1,4096,16384.0,data\H-H1_GWOSC_O2_16KHZ_R1-1185681408-4096.hdf5
H-H1_GWOSC_O2_16KHZ_R1-1185681408-4096.hdf5,0.0,0.75,-576104.4455593609,H1,4096,16384.0,data\H-H1_GWOSC_O2_16KHZ_R1-1185681408-4096.hdf5
H-H1_GWOSC_O2_16KHZ_R1-1185681408-4096.hdf5,1.0,0.0,-127968.92584597856,H1,4096,16384.0,data\H-H1_GWOSC_O2_16KHZ_R1-1185681408-4096.hdf5
H-H1_GWOSC_O2_16KHZ_R1-1185681408-4096.hdf5,1.0,0.75,-127405.2795366613,H1,4096,16384.0,data\H-H1_GWOSC_O2_16KHZ_R1-1185681408-4096.hdf5
L-L1_GWOSC_16KHZ_R1-1187529241-32.hdf5,0.0,0.0,-576446.1418061217,L1,32,16384.0,data\L-L1_GWOSC_16KHZ_R1-1187529241-32.hdf5
L-L1_GWOSC_16KHZ_R1-1187529241-32.hdf5,0.0,0.75,-576446.1418061217,L1,32,16384.0,data\L-L1_GWOSC_16KHZ_R1-1187529241-32.hdf5
L-L1_GWOSC_16KHZ_R1-1187529241-32.hdf5,0.0,1.5,-576446.1418061217,L1,32,16384.0,data\L-L1_GWOSC_16KHZ_R1-1187529241-32.hdf5
L-L1_GWOSC_16KHZ_R1-1187529241-32.hdf5,1.0,0.0,-127901.80735799977,L1,32,16384.0,data\L-L1_GWOSC_16KHZ_R1-1187529241-32.hdf5
L-L1_GWOSC_16KHZ_R1-1187529241-32.hdf5,1.0,0.75,-127336.35423394945,L1,32,16384.0,data\L-L1_GWOSC_16KHZ_R1-1187529241-32.hdf5
L-L1_GWOSC_16KHZ_R1-1187529241-32.hdf5,1.0,1.5,-127515.3488248841,L1,32,16384.0,data\L-L1_GWOSC_16KHZ_R1-1187529241-32.hdf5
L-L1_GWOSC_16KHZ_R1-1187529241-32.hdf5,2.0,0.0,-391183.90223593573,L1,32,16384.0,data\L-L1_GWOSC_16KHZ_R1-1187529241-32.hdf5
L-L1_GWOSC_16KHZ_R1-1187529241-32.hdf5,2.0,0.75,-388990.766522498,L1,32,16384.0,data\L-L1_GWOSC_16KHZ_R1-1187529241-32.hdf5
L-L1_GWOSC_16KHZ_R1-1187529241-32.hdf5,2.0,1.5,-387542.19627151045,L1,32,16384.0,data\L-L1_GWOSC_16KHZ_R1-1187529241-32.hdf5
L-L1_GWOSC_16KHZ_R1-1242984058-32.hdf5,0.0,0.0,-576130.036702025,L1,32,16384.0,data\L-L1_GWOSC_16KHZ_R1-1242984058-32.hdf5
L-L1_GWOSC_16KHZ_R1-1242984058-32.hdf5,0.0,0.75,-576130.036702025,L1,32,16384.0,data\L-L1_GWOSC_16KHZ_R1-1242984058-32.hdf5
L-L1_GWOSC_16KHZ_R1-1242984058-32.hdf5,1.0,0.0,-127964.27090043652,L1,32,16384.0,data\L-L1_GWOSC_16KHZ_R1-1242984058-32.hdf5
L-L1_GWOSC_16KHZ_R1-1242984058-32.hdf5,1.0,0.75,-127400.46069684676,L1,32,16384.0,data\L-L1_GWOSC_16KHZ_R1-1242984058-32.hdf5
L-L1_GWOSC_16KHZ_R1-1245035064-32.hdf5,0.0,0.0,-576128.5907132498,L1,32,16384.0,data\L-L1_GWOSC_16KHZ_R1-1245035064-32.hdf5
L-L1_GWOSC_16KHZ_R1-1245035064-32.hdf5,0.0,0.75,-576128.5907132498,L1,32,16384.0,data\L-L1_GWOSC_16KHZ_R1-1245035064-32.hdf5
L-L1_GWOSC_16KHZ_R1-1245035064-32.hdf5,1.0,0.0,-127963.99950443266,L1,32,16384.0,data\L-L1_GWOSC_16KHZ_R1-1245035064-32.hdf5
L-L1_GWOSC_16KHZ_R1-1245035064-32.hdf5,1.0,0.75,-127400.20271759274,L1,32,16384.0,data\L-L1_GWOSC_16KHZ_R1-1245035064-32.hdf5
L-L1_GWOSC_16KHZ_R1-1260484255-32.hdf5,0.0,0.0,-576116.6768582007,L1,32,16384.0,data\L-L1_GWOSC_16KHZ_R1-1260484255-32.hdf5
L-L1_GWOSC_16KHZ_R1-1260484255-32.hdf5,0.0,0.75,-576116.6768582007,L1,32,16384.0,data\L-L1_GWOSC_16KHZ_R1-1260484255-32.hdf5
L-L1_GWOSC_16KHZ_R1-1260484255-32.hdf5,1.0,0.0,-127964.56700124955,L1,32,16384.0,data\L-L1_GWOSC_16KHZ_R1-1260484255-32.hdf5
L-L1_GWOSC_16KHZ_R1-1260484255-32.hdf5,1.0,0.75,-127400.9115367674,L1,32,16384.0,data\L-L1_GWOSC_16KHZ_R1-1260484255-32.hdf5
L-L1_GWOSC_16KHZ_R1-1369417271-4096.hdf5,0.0,0.0,-576119.3709334272,L1,4096,16384.0,data\L-L1_GWOSC_16KHZ_R1-1369417271-4096.hdf5
L-L1_GWOSC_16KHZ_R1-1369417271-4096.hdf5,0.0,0.75,-576119.3709334272,L1,4096,16384.0,data\L-L1_GWOSC_16KHZ_R1-1369417271-4096.hdf5
L-L1_GWOSC_16KHZ_R1-1369417271-4096.hdf5,1.0,0.0,-127966.12396220322,L1,4096,16384.0,data\L-L1_GWOSC_16KHZ_R1-1369417271-4096.hdf5
L-L1_GWOSC_16KHZ_R1-1369417271-4096.hdf5,1.0,0.75,-127402.3961807143,L1,4096,16384.0,data\L-L1_GWOSC_16KHZ_R1-1369417271-4096.hdf5
L-L1_GWOSC_16KHZ_R1-1369419303-32.hdf5,0.0,0.0,-576246.4575295511,L1,32,16384.0,data\L-L1_GWOSC_16KHZ_R1-1369419303-32.hdf5
L-L1_GWOSC_16KHZ_R1-1369419303-32.hdf5,0.0,0.75,-576246.4575295511,L1,32,16384.0,data\L-L1_GWOSC_16KHZ_R1-1369419303-32.hdf5
L-L1_GWOSC_16KHZ_R1-1369419303-32.hdf5,1.0,0.0,-127944.32147184196,L1,32,16384.0,data\L-L1_GWOSC_16KHZ_R1-1369419303-32.hdf5
L-L1_GWOSC_16KHZ_R1-1369419303-32.hdf5,1.0,0.75,-127380.43463520044,L1,32,16384.0,data\L-L1_GWOSC_16KHZ_R1-1369419303-32.hdf5
L-L1_GWOSC_4KHZ_R1-1126257415-4096.hdf5,0.0,0.0,-598504.9106870682,L1,4096,4096.0,data\L-L1_GWOSC_4KHZ_R1-1126257415-4096.hdf5
L-L1_GWOSC_4KHZ_R1-1126257415-4096.hdf5,0.0,0.75,-598504.9106870682,L1,4096,4096.0,data\L-L1_GWOSC_4KHZ_R1-1126257415-4096.hdf5
L-L1_GWOSC_4KHZ_R1-1126257415-4096.hdf5,1.0,0.0,-125046.83882098792,L1,4096,4096.0,data\L-L1_GWOSC_4KHZ_R1-1126257415-4096.hdf5
L-L1_GWOSC_4KHZ_R1-1126257415-4096.hdf5,1.0,0.75,-124581.38938899447,L1,4096,4096.0,data\L-L1_GWOSC_4KHZ_R1-1126257415-4096.hdf5
L-L1_GWOSC_4KHZ_R1-1167557889-4096.hdf5,0.0,0.0,-576398.0332116153,L1,4096,4096.0,data\L-L1_GWOSC_4KHZ_R1-1167557889-4096.hdf5
L-L1_GWOSC_4KHZ_R1-1167557889-4096.hdf5,0.0,0.75,-576398.0332116153,L1,4096,4096.0,data\L-L1_GWOSC_4KHZ_R1-1167557889-4096.hdf5
L-L1_GWOSC_4KHZ_R1-1167557889-4096.hdf5,1.0,0.0,-127925.71721867932,L1,4096,4096.0,data\L-L1_GWOSC_4KHZ_R1-1167557889-4096.hdf5
L-L1_GWOSC_4KHZ_R1-1167557889-4096.hdf5,1.0,0.75,-127364.97920523596,L1,4096,4096.0,data\L-L1_GWOSC_4KHZ_R1-1167557889-4096.hdf5
L-L1_GWOSC_4KHZ_R1-1187527209-4096.hdf5,0.0,0.0,-576096.6571771024,L1,4096,4096.0,data\L-L1_GWOSC_4KHZ_R1-1187527209-4096.hdf5
L-L1_GWOSC_4KHZ_R1-1187527209-4096.hdf5,0.0,0.75,-576096.6571771024,L1,4096,4096.0,data\L-L1_GWOSC_4KHZ_R1-1187527209-4096.hdf5
L-L1_GWOSC_4KHZ_R1-1187527209-4096.hdf5,1.0,0.0,-127970.8397627261,L1,4096,4096.0,data\L-L1_GWOSC_4KHZ_R1-1187527209-4096.hdf5
L-L1_GWOSC_4KHZ_R1-1187527209-4096.hdf5,1.0,0.75,-127407.28450052338,L1,4096,4096.0,data\L-L1_GWOSC_4KHZ_R1-1187527209-4096.hdf5
L-L1_GWOSC_4KHZ_R1-1253509418-32.hdf5,0.0,0.0,-576096.7703407448,L1,32,4096.0,data\L-L1_GWOSC_4KHZ_R1-1253509418-32.hdf5
L-L1_GWOSC_4KHZ_R1-1253509418-32.hdf5,0.0,0.75,-576096.7703407448,L1,32,4096.0,data\L-L1_GWOSC_4KHZ_R1-1253509418-32.hdf5
L-L1_GWOSC_4KHZ_R1-1253509418-32.hdf5,1.0,0.0,-127970.46010882198,L1,32,4096.0,data\L-L1_GWOSC_4KHZ_R1-1253509418-32.hdf5
L-L1_GWOSC_4KHZ_R1-1253509418-32.hdf5,1.0,0.75,-127406.9449901276,L1,32,4096.0,data\L-L1_GWOSC_4KHZ_R1-1253509418-32.hdf5
L-L1_GWOSC_4KHZ_R1-1260484255-32.hdf5,0.0,0.0,-576094.5183645674,L1,32,4096.0,data\L-L1_GWOSC_4KHZ_R1-1260484255-32.hdf5
L-L1_GWOSC_4KHZ_R1-1260484255-32.hdf5,0.0,0.75,-576094.5183645674,L1,32,4096.0,data\L-L1_GWOSC_4KHZ_R1-1260484255-32.hdf5
L-L1_GWOSC_4KHZ_R1-1260484255-32.hdf5,1.0,0.0,-127971.2598587293,L1,32,4096.0,data\L-L1_GWOSC_4KHZ_R1-1260484255-32.hdf5
L-L1_GWOSC_4KHZ_R1-1260484255-32.hdf5,1.0,0.75,-127407.72781430364,L1,32,4096.0,data\L-L1_GWOSC_4KHZ_R1-1260484255-32.hdf5
L-L1_GWOSC_4KHZ_R1-1369417271-4096.hdf5,0.0,0.0,-576096.95900323,L1,4096,4096.0,data\L-L1_GWOSC_4KHZ_R1-1369417271-4096.hdf5
L-L1_GWOSC_4KHZ_R1-1369417271-4096.hdf5,0.0,0.75,-576096.95900323,L1,4096,4096.0,data\L-L1_GWOSC_4KHZ_R1-1369417271-4096.hdf5
L-L1_GWOSC_4KHZ_R1-1369417271-4096.hdf5,1.0,0.0,-127971.01590932526,L1,4096,4096.0,data\L-L1_GWOSC_4KHZ_R1-1369417271-4096.hdf5
L-L1_GWOSC_4KHZ_R1-1369417271-4096.hdf5,1.0,0.75,-127407.51716194415,L1,4096,4096.0,data\L-L1_GWOSC_4KHZ_R1-1369417271-4096.hdf5
L-L1_GWOSC_4KHZ_R1-1369419303-32.hdf5,0.0,0.0,-607217.2070606041,L1,32,4096.0,data\L-L1_GWOSC_4KHZ_R1-1369419303-32.hdf5
L-L1_GWOSC_4KHZ_R1-1369419303-32.hdf5,0.0,0.75,-607217.2070606041,L1,32,4096.0,data\L-L1_GWOSC_4KHZ_R1-1369419303-32.hdf5
L-L1_GWOSC_4KHZ_R1-1369419303-32.hdf5,1.0,0.0,-123944.11938707008,L1,32,4096.0,data\L-L1_GWOSC_4KHZ_R1-1369419303-32.hdf5
L-L1_GWOSC_4KHZ_R1-1369419303-32.hdf5,1.0,0.75,-123655.34117866609,L1,32,4096.0,data\L-L1_GWOSC_4KHZ_R1-1369419303-32.hdf5
V-V1_GWOSC_16KHZ_R1-1245035064-32.hdf5,0.0,0.0,-581592.447496647,V1,32,16384.0,data\V-V1_GWOSC_16KHZ_R1-1245035064-32.hdf5
V-V1_GWOSC_16KHZ_R1-1245035064-32.hdf5,0.0,0.75,-581592.447496647,V1,32,16384.0,data\V-V1_GWOSC_16KHZ_R1-1245035064-32.hdf5
V-V1_GWOSC_16KHZ_R1-1245035064-32.hdf5,1.0,0.0,-127141.4383343765,V1,32,16384.0,data\V-V1_GWOSC_16KHZ_R1-1245035064-32.hdf5
V-V1_GWOSC_16KHZ_R1-1245035064-32.hdf5,1.0,0.75,-126527.73388549068,V1,32,16384.0,data\V-V1_GWOSC_16KHZ_R1-1245035064-32.hdf5
V-V1_GWOSC_16KHZ_R1-1258864118-4096.hdf5,0.0,0.0,-579363.1491059846,V1,4096,16384.0,data\V-V1_GWOSC_16KHZ_R1-1258864118-4096.hdf5
V-V1_GWOSC_16KHZ_R1-1258864118-4096.hdf5,0.0,0.75,-579363.1491059846,V1,4096,16384.0,data\V-V1_GWOSC_16KHZ_R1-1258864118-4096.hdf5
V-V1_GWOSC_16KHZ_R1-1258864118-4096.hdf5,1.0,0.0,-127458.55533433204,V1,4096,16384.0,data\V-V1_GWOSC_16KHZ_R1-1258864118-4096.hdf5
V-V1_GWOSC_16KHZ_R1-1258864118-4096.hdf5,1.0,0.75,-126867.65979911358,V1,4096,16384.0,data\V-V1_GWOSC_16KHZ_R1-1258864118-4096.hdf5
V-V1_GWOSC_16KHZ_R1-1258866150-32.hdf5,0.0,0.0,-580809.8399127403,V1,32,16384.0,data\V-V1_GWOSC_16KHZ_R1-1258866150-32.hdf5
V-V1_GWOSC_16KHZ_R1-1258866150-32.hdf5,0.0,0.75,-580809.8399127403,V1,32,16384.0,data\V-V1_GWOSC_16KHZ_R1-1258866150-32.hdf5
V-V1_GWOSC_16KHZ_R1-1258866150-32.hdf5,1.0,0.0,-127240.8319709767,V1,32,16384.0,data\V-V1_GWOSC_16KHZ_R1-1258866150-32.hdf5
V-V1_GWOSC_16KHZ_R1-1258866150-32.hdf5,1.0,0.75,-126637.1711041644,V1,32,16384.0,data\V-V1_GWOSC_16KHZ_R1-1258866150-32.hdf5
V-V1_GWOSC_16KHZ_R1-1260484255-32.hdf5,0.0,0.0,-586938.8851227947,V1,32,16384.0,data\V-V1_GWOSC_16KHZ_R1-1260484255-32.hdf5
V-V1_GWOSC_16KHZ_R1-1260484255-32.hdf5,0.0,0.75,-586938.8851227947,V1,32,16384.0,data\V-V1_GWOSC_16KHZ_R1-1260484255-32.hdf5
V-V1_GWOSC_16KHZ_R1-1260484255-32.hdf5,1.0,0.0,-126290.9441070178,V1,32,16384.0,data\V-V1_GWOSC_16KHZ_R1-1260484255-32.hdf5
V-V1_GWOSC_16KHZ_R1-1260484255-32.hdf5,1.0,0.75,-125636.3102420616,V1,32,16384.0,data\V-V1_GWOSC_16KHZ_R1-1260484255-32.hdf5
V-V1_GWOSC_16KHZ_R1-1262877888-4096.hdf5,0.0,0.0,-590202.5047087742,V1,4096,16384.0,data\V-V1_GWOSC_16KHZ_R1-1262877888-4096.hdf5
V-V1_GWOSC_16KHZ_R1-1262877888-4096.hdf5,0.0,0.75,-590202.5047087742,V1,4096,16384.0,data\V-V1_GWOSC_16KHZ_R1-1262877888-4096.hdf5
V-V1_GWOSC_16KHZ_R1-1262877888-4096.hdf5,1.0,0.0,-125741.19989371528,V1,4096,16384.0,data\V-V1_GWOSC_16KHZ_R1-1262877888-4096.hdf5
V-V1_GWOSC_16KHZ_R1-1262877888-4096.hdf5,1.0,0.75,-125065.85373976576,V1,4096,16384.0,data\V-V1_GWOSC_16KHZ_R1-1262877888-4096.hdf5
V-V1_GWOSC_16KHZ_R1-1268429047-4096.hdf5,0.0,0.0,-583075.7715490956,V1,4096,16384.0,data\V-V1_GWOSC_16KHZ_R1-1268429047-4096.hdf5
V-V1_GWOSC_16KHZ_R1-1268429047-4096.hdf5,0.0,0.75,-583075.7715490956,V1,4096,16384.0,data\V-V1_GWOSC_16KHZ_R1-1268429047-4096.hdf5
V-V1_GWOSC_16KHZ_R1-1268429047-4096.hdf5,1.0,0.0,-126869.6907900854,V1,4096,16384.0,data\V-V1_GWOSC_16KHZ_R1-1268429047-4096.hdf5
V-V1_GWOSC_16KHZ_R1-1268429047-4096.hdf5,1.0,0.75,-126250.202616848,V1,4096,16384.0,data\V-V1_GWOSC_16KHZ_R1-1268429047-4096.hdf5
V-V1_GWOSC_16KHZ_R1-1268901464-4096.hdf5,0.0,0.0,-579712.226170266,V1,4096,16384.0,data\V-V1_GWOSC_16KHZ_R1-1268901464-4096.hdf5
V-V1_GWOSC_16KHZ_R1-1268901464-4096.hdf5,0.0,0.75,-579712.226170266,V1,4096,16384.0,data\V-V1_GWOSC_16KHZ_R1-1268901464-4096.hdf5
V-V1_GWOSC_16KHZ_R1-1268901464-4096.hdf5,1.0,0.0,-127399.38376383897,V1,4096,16384.0,data\V-V1_GWOSC_16KHZ_R1-1268901464-4096.hdf5
V-V1_GWOSC_16KHZ_R1-1268901464-4096.hdf5,1.0,0.75,-126805.82813832842,V1,4096,16384.0,data\V-V1_GWOSC_16KHZ_R1-1268901464-4096.hdf5
V-V1_GWOSC_4KHZ_R1-1260484255-32.hdf5,0.0,0.0,-602684.2749848359,V1,32,4096.0,data\V-V1_GWOSC_4KHZ_R1-1260484255-32.hdf5
V-V1_GWOSC_4KHZ_R1-1260484255-32.hdf5,0.0,0.75,-602684.2749848359,V1,32,4096.0,data\V-V1_GWOSC_4KHZ_R1-1260484255-32.hdf5
V-V1_GWOSC_4KHZ_R1-1260484255-32.hdf5,1.0,0.0,-124422.1076780506,V1,32,4096.0,data\V-V1_GWOSC_4KHZ_R1-1260484255-32.hdf5
V-V1_GWOSC_4KHZ_R1-1260484255-32.hdf5,1.0,0.75,-124091.73691207053,V1,32,4096.0,data\V-V1_GWOSC_4KHZ_R1-1260484255-32.hdf5
